{"errors":[],"warnings":[],"namedChunkGroups":{"app":{"chunks":[8,2],"assets":["webpack-runtime-01a29af7d00864ca0516.js","webpack-runtime-01a29af7d00864ca0516.js.map","app-d7c41e97139be7e1b2e3.js","app-d7c41e97139be7e1b2e3.js.map"],"children":{},"childAssets":{}},"component---node-modules-gatsby-plugin-offline-app-shell-js":{"chunks":[3],"assets":["component---node-modules-gatsby-plugin-offline-app-shell-js-9538d068e15af3827374.js","component---node-modules-gatsby-plugin-offline-app-shell-js-9538d068e15af3827374.js.map"],"children":{},"childAssets":{}},"component---src-pages-404-js":{"chunks":[0,1,4],"assets":["0-a53fcd27223dad0719cc.js","0-a53fcd27223dad0719cc.js.map","1.52109ba2c4e1c8b153c3.css","1-75c9239ef1142b120176.js","1-75c9239ef1142b120176.js.map","component---src-pages-404-js-9b25c36bf184eebae1df.js","component---src-pages-404-js-9b25c36bf184eebae1df.js.map"],"children":{},"childAssets":{}},"component---src-pages-index-js":{"chunks":[0,1,5],"assets":["0-a53fcd27223dad0719cc.js","0-a53fcd27223dad0719cc.js.map","1.52109ba2c4e1c8b153c3.css","1-75c9239ef1142b120176.js","1-75c9239ef1142b120176.js.map","component---src-pages-index-js-c6fc197a2f63964f2d0a.js","component---src-pages-index-js-c6fc197a2f63964f2d0a.js.map"],"children":{},"childAssets":{}},"component---src-pages-page-2-js":{"chunks":[0,1,6],"assets":["0-a53fcd27223dad0719cc.js","0-a53fcd27223dad0719cc.js.map","1.52109ba2c4e1c8b153c3.css","1-75c9239ef1142b120176.js","1-75c9239ef1142b120176.js.map","component---src-pages-page-2-js-a9ce362ac8e193760548.js","component---src-pages-page-2-js-a9ce362ac8e193760548.js.map"],"children":{},"childAssets":{}}},"assetsByChunkName":{"app":["webpack-runtime-01a29af7d00864ca0516.js","app-d7c41e97139be7e1b2e3.js"],"component---node-modules-gatsby-plugin-offline-app-shell-js":["component---node-modules-gatsby-plugin-offline-app-shell-js-9538d068e15af3827374.js"],"component---src-pages-404-js":["0-a53fcd27223dad0719cc.js","1.52109ba2c4e1c8b153c3.css","1-75c9239ef1142b120176.js","component---src-pages-404-js-9b25c36bf184eebae1df.js"],"component---src-pages-index-js":["0-a53fcd27223dad0719cc.js","1.52109ba2c4e1c8b153c3.css","1-75c9239ef1142b120176.js","component---src-pages-index-js-c6fc197a2f63964f2d0a.js"],"component---src-pages-page-2-js":["0-a53fcd27223dad0719cc.js","1.52109ba2c4e1c8b153c3.css","1-75c9239ef1142b120176.js","component---src-pages-page-2-js-a9ce362ac8e193760548.js"]}}